entry_time,greedy,llm_used,hint,capture_folders,inspection_duration_sec,goal_1_phase_1_duration_sec,goal_1_phase_2_duration_sec,goal_1_phase_3_duration_sec,goal_1_phase_4_duration_sec,goal_1_phase_5_duration_sec,goal_1_phase_6_duration_sec,goal_1_phase_7_duration_sec,goal_1_pictures_taken,goal_2_phase_1_duration_sec,goal_2_phase_2_duration_sec,goal_2_phase_3_duration_sec,goal_2_phase_4_duration_sec,goal_2_phase_5_duration_sec,goal_2_phase_6_duration_sec,goal_2_phase_7_duration_sec,goal_2_pictures_taken,goal_1_agent_metrics,goal_2_agent_metrics,goal_1_langsmith_tokens,goal_1_langsmith_cost,goal_2_langsmith_tokens,goal_2_langsmith_cost
2026-05-14T01:33:00.189827+00:00,Yes,greedy,,run_20260514012616;run_20260514013120,608.625,14.89,13.834,68.932,6.126,44.963,26.95,36.92,6,26.856,1.28,71.384,5.747,45.007,24.418,37.024,6,"{""agent_turns"": 0, ""duration_sec"": 36.876, ""end_time"": 1778722013.1898918, ""graph_loops"": 0, ""graph_recursion_errors"": 0, ""mentioned_tool_but_not_called"": 0, ""missions_completed"": 1, ""no_tool_calls_made"": 0, ""pictures_taken"": 6, ""start_time"": 1778721976.3143818, ""tool_calls_invalid_json"": 0, ""tool_calls_missing_fields"": 0, ""tool_calls_nonexistent"": 0, ""tool_calls_present"": 0, ""tool_calls_with_args"": 0, ""tools_transitions"": 6, ""validation_turns"": 0}","{""agent_turns"": 0, ""duration_sec"": 36.974, ""end_time"": 1778722317.2554507, ""graph_loops"": 0, ""graph_recursion_errors"": 0, ""mentioned_tool_but_not_called"": 0, ""missions_completed"": 1, ""no_tool_calls_made"": 0, ""pictures_taken"": 6, ""start_time"": 1778722280.281218, ""tool_calls_invalid_json"": 0, ""tool_calls_missing_fields"": 0, ""tool_calls_nonexistent"": 0, ""tool_calls_present"": 0, ""tool_calls_with_args"": 0, ""tools_transitions"": 6, ""validation_turns"": 0}",0,0.0,0,0.0
2026-05-14T01:42:45.503088+00:00,No,code-gemma-4-26b-a4b-it,easy,run_20260514013741;run_20260514014142,539.669,16.202,10.568,72.257,19.286,44.65,43.779,1.401,0,27.529,6.264,23.828,17.255,46.559,27.749,0.137,0,"{""agent_turns"": 0, ""duration_sec"": 1.365, ""end_time"": 1778722662.9953413, ""graph_loops"": 0, ""graph_recursion_errors"": 0, ""hint_used"": ""easy"", ""langsmith_thread_id"": ""code_agent_gemma-4-26b-a4b-it_20260514_013742_994854"", ""mentioned_tool_but_not_called"": 0, ""missions_completed"": 0, ""no_tool_calls_made"": 0, ""pictures_taken"": 0, ""start_time"": 1778722661.630576, ""tool_calls_invalid_json"": 0, ""tool_calls_missing_fields"": 0, ""tool_calls_nonexistent"": 0, ""tool_calls_present"": 0, ""tool_calls_with_args"": 0, ""tools_transitions"": 0, ""used_model"": """", ""validation_turns"": 0}","{""agent_turns"": 0, ""duration_sec"": 0.085, ""end_time"": 1778722902.9358127, ""graph_loops"": 0, ""graph_recursion_errors"": 0, ""hint_used"": ""easy"", ""langsmith_thread_id"": ""code_agent_gemma-4-26b-a4b-it_20260514_014142_935363"", ""mentioned_tool_but_not_called"": 0, ""missions_completed"": 0, ""no_tool_calls_made"": 0, ""pictures_taken"": 0, ""start_time"": 1778722902.8511918, ""tool_calls_invalid_json"": 0, ""tool_calls_missing_fields"": 0, ""tool_calls_nonexistent"": 0, ""tool_calls_present"": 0, ""tool_calls_with_args"": 0, ""tools_transitions"": 0, ""used_model"": """", ""validation_turns"": 0}",0,0.0,0,0.0
2026-05-14T01:52:16.674193+00:00,No,code-gemma-4-26b-a4b-it,medium,run_20260514014720;run_20260514015115,525.559,15.602,22.683,74.455,10.99,44.526,31.7,1.345,0,28.597,1.349,24.026,1.359,45.183,41.184,0.129,0,"{""agent_turns"": 0, ""duration_sec"": 1.29, ""end_time"": 1778723241.4201944, ""graph_loops"": 0, ""graph_recursion_errors"": 0, ""hint_used"": ""medium"", ""langsmith_thread_id"": ""code_agent_gemma-4-26b-a4b-it_20260514_014721_419790"", ""mentioned_tool_but_not_called"": 0, ""missions_completed"": 0, ""no_tool_calls_made"": 0, ""pictures_taken"": 0, ""start_time"": 1778723240.1303785, ""tool_calls_invalid_json"": 0, ""tool_calls_missing_fields"": 0, ""tool_calls_nonexistent"": 0, ""tool_calls_present"": 0, ""tool_calls_with_args"": 0, ""tools_transitions"": 0, ""used_model"": """", ""validation_turns"": 0}","{""agent_turns"": 0, ""duration_sec"": 0.09, ""end_time"": 1778723475.160307, ""graph_loops"": 0, ""graph_recursion_errors"": 0, ""hint_used"": ""medium"", ""langsmith_thread_id"": ""code_agent_gemma-4-26b-a4b-it_20260514_015115_159866"", ""mentioned_tool_but_not_called"": 0, ""missions_completed"": 0, ""no_tool_calls_made"": 0, ""pictures_taken"": 0, ""start_time"": 1778723475.070429, ""tool_calls_invalid_json"": 0, ""tool_calls_missing_fields"": 0, ""tool_calls_nonexistent"": 0, ""tool_calls_present"": 0, ""tool_calls_with_args"": 0, ""tools_transitions"": 0, ""used_model"": """", ""validation_turns"": 0}",0,0.0,0,0.0
2026-05-14T02:19:56.201640+00:00,No,code-gemma-4-26b-a4b-it,easy,run_20260514020941;run_20260514021622,837.248,16.8,18.329,70.702,16.173,46.675,24.506,158.217,0,28.513,17.392,24.156,1.324,46.92,33.854,152.465,0,"{""agent_turns"": 1, ""duration_sec"": 158.171, ""end_time"": 1778724739.3705611, ""graph_loops"": 0, ""graph_recursion_errors"": 0, ""hint_used"": ""easy"", ""langsmith_thread_id"": ""code_agent_gemma-4-26b-a4b-it_20260514_020942_870194"", ""mentioned_tool_but_not_called"": 0, ""missions_completed"": 0, ""no_tool_calls_made"": 0, ""pictures_taken"": 0, ""start_time"": 1778724581.1993747, ""tool_calls_invalid_json"": 0, ""tool_calls_missing_fields"": 0, ""tool_calls_nonexistent"": 0, ""tool_calls_present"": 0, ""tool_calls_with_args"": 0, ""tools_transitions"": 0, ""used_model"": """", ""validation_turns"": 0}","{""agent_turns"": 1, ""duration_sec"": 152.415, ""end_time"": 1778725135.1862519, ""graph_loops"": 0, ""graph_recursion_errors"": 0, ""hint_used"": ""easy"", ""langsmith_thread_id"": ""code_agent_gemma-4-26b-a4b-it_20260514_021622_874542"", ""mentioned_tool_but_not_called"": 0, ""missions_completed"": 0, ""no_tool_calls_made"": 0, ""pictures_taken"": 0, ""start_time"": 1778724982.771646, ""tool_calls_invalid_json"": 0, ""tool_calls_missing_fields"": 0, ""tool_calls_nonexistent"": 0, ""tool_calls_present"": 0, ""tool_calls_with_args"": 0, ""tools_transitions"": 0, ""used_model"": """", ""validation_turns"": 0}",0,0.0,0,0.0
2026-05-14T02:38:26.247765+00:00,No,code-gemma-4-26b-a4b-it,medium,run_20260514022411;run_20260514023343,1072.567,16.807,18.021,71.706,6.208,48.538,27.27,272.864,0,28.054,10.168,70.961,21.009,46.033,32.245,220.514,0,"{""agent_turns"": 1, ""duration_sec"": 272.761, ""end_time"": 1778725724.0918715, ""graph_loops"": 0, ""graph_recursion_errors"": 0, ""hint_used"": ""medium"", ""langsmith_thread_id"": ""code_agent_gemma-4-26b-a4b-it_20260514_022412_888427"", ""mentioned_tool_but_not_called"": 0, ""missions_completed"": 0, ""no_tool_calls_made"": 0, ""pictures_taken"": 0, ""start_time"": 1778725451.3304453, ""tool_calls_invalid_json"": 0, ""tool_calls_missing_fields"": 0, ""tool_calls_nonexistent"": 0, ""tool_calls_present"": 0, ""tool_calls_with_args"": 0, ""tools_transitions"": 0, ""used_model"": """", ""validation_turns"": 0}","{""agent_turns"": 1, ""duration_sec"": 220.469, ""end_time"": 1778726243.846479, ""graph_loops"": 0, ""graph_recursion_errors"": 0, ""hint_used"": ""medium"", ""langsmith_thread_id"": ""code_agent_gemma-4-26b-a4b-it_20260514_023343_469375"", ""mentioned_tool_but_not_called"": 0, ""missions_completed"": 0, ""no_tool_calls_made"": 0, ""pictures_taken"": 0, ""start_time"": 1778726023.377842, ""tool_calls_invalid_json"": 0, ""tool_calls_missing_fields"": 0, ""tool_calls_nonexistent"": 0, ""tool_calls_present"": 0, ""tool_calls_with_args"": 0, ""tools_transitions"": 0, ""used_model"": """", ""validation_turns"": 0}",0,0.0,0,0.0
2026-05-14T03:44:34.143285+00:00,No,code-gemma-4-26b-a4b-it,hard,,3922.251,,,,,,,,,,,,,,,,,,,,,,
2026-05-14T04:01:28.143228+00:00,No,code-gemma-4-26b-a4b-it,easy,run_20260514034919;run_20260514035702,947.513,16.374,15.432,69.207,11.268,44.821,33.077,237.881,0,28.661,11.376,23.863,1.307,45.476,23.041,202.097,0,"{""agent_turns"": 1, ""duration_sec"": 237.83, ""end_time"": 1778730797.6949325, ""graph_loops"": 0, ""graph_recursion_errors"": 0, ""hint_used"": ""easy"", ""langsmith_thread_id"": ""code_agent_gemma-4-26b-a4b-it_20260514_034921_143149"", ""mentioned_tool_but_not_called"": 0, ""missions_completed"": 0, ""no_tool_calls_made"": 0, ""pictures_taken"": 0, ""start_time"": 1778730559.8649147, ""tool_calls_invalid_json"": 0, ""tool_calls_missing_fields"": 0, ""tool_calls_nonexistent"": 0, ""tool_calls_present"": 0, ""tool_calls_with_args"": 0, ""tools_transitions"": 0, ""used_model"": """", ""validation_turns"": 0}","{""agent_turns"": 1, ""duration_sec"": 202.051, ""end_time"": 1778731224.444396, ""graph_loops"": 0, ""graph_recursion_errors"": 0, ""hint_used"": ""easy"", ""langsmith_thread_id"": ""code_agent_gemma-4-26b-a4b-it_20260514_035702_492616"", ""mentioned_tool_but_not_called"": 0, ""missions_completed"": 0, ""no_tool_calls_made"": 0, ""pictures_taken"": 0, ""start_time"": 1778731022.3937275, ""tool_calls_invalid_json"": 0, ""tool_calls_missing_fields"": 0, ""tool_calls_nonexistent"": 0, ""tool_calls_present"": 0, ""tool_calls_with_args"": 0, ""tools_transitions"": 0, ""used_model"": """", ""validation_turns"": 0}",0,0.0,0,0.0
2026-05-14T04:19:38.092870+00:00,No,code-gemma-4-26b-a4b-it,medium,run_20260514040558;run_20260514041509,1052.438,17.348,28.602,71.275,1.342,44.405,40.381,319.049,0,25.504,12.224,23.881,1.352,45.408,32.713,205.92,0,"{""agent_turns"": 1, ""duration_sec"": 318.999, ""end_time"": 1778731877.0616922, ""graph_loops"": 0, ""graph_recursion_errors"": 0, ""hint_used"": ""medium"", ""langsmith_thread_id"": ""code_agent_gemma-4-26b-a4b-it_20260514_040559_458905"", ""mentioned_tool_but_not_called"": 0, ""missions_completed"": 0, ""no_tool_calls_made"": 0, ""pictures_taken"": 0, ""start_time"": 1778731558.0631192, ""tool_calls_invalid_json"": 0, ""tool_calls_missing_fields"": 0, ""tool_calls_nonexistent"": 0, ""tool_calls_present"": 0, ""tool_calls_with_args"": 0, ""tools_transitions"": 0, ""used_model"": """", ""validation_turns"": 0}","{""agent_turns"": 1, ""duration_sec"": 205.875, ""end_time"": 1778732315.0168428, ""graph_loops"": 0, ""graph_recursion_errors"": 0, ""hint_used"": ""medium"", ""langsmith_thread_id"": ""code_agent_gemma-4-26b-a4b-it_20260514_041509_229057"", ""mentioned_tool_but_not_called"": 0, ""missions_completed"": 0, ""no_tool_calls_made"": 0, ""pictures_taken"": 0, ""start_time"": 1778732109.1419525, ""tool_calls_invalid_json"": 0, ""tool_calls_missing_fields"": 0, ""tool_calls_nonexistent"": 0, ""tool_calls_present"": 0, ""tool_calls_with_args"": 0, ""tools_transitions"": 0, ""used_model"": """", ""validation_turns"": 0}",0,0.0,0,0.0
2026-05-14T04:36:52.317053+00:00,No,code-gemma-4-26b-a4b-it,hard,run_20260514042409;run_20260514043303,987.514,15.953,18.676,70.164,20.358,44.119,26.403,278.227,0,26.041,6.949,23.917,1.327,45.898,58.576,168.899,0,"{""agent_turns"": 1, ""duration_sec"": 278.186, ""end_time"": 1778732927.7196925, ""graph_loops"": 0, ""graph_recursion_errors"": 0, ""hint_used"": ""hard"", ""langsmith_thread_id"": ""code_agent_gemma-4-26b-a4b-it_20260514_042411_005415"", ""mentioned_tool_but_not_called"": 0, ""missions_completed"": 0, ""no_tool_calls_made"": 0, ""pictures_taken"": 0, ""start_time"": 1778732649.5333583, ""tool_calls_invalid_json"": 0, ""tool_calls_missing_fields"": 0, ""tool_calls_nonexistent"": 0, ""tool_calls_present"": 0, ""tool_calls_with_args"": 0, ""tools_transitions"": 0, ""used_model"": """", ""validation_turns"": 0}","{""agent_turns"": 1, ""duration_sec"": 168.856, ""end_time"": 1778733352.0263426, ""graph_loops"": 0, ""graph_recursion_errors"": 0, ""hint_used"": ""hard"", ""langsmith_thread_id"": ""code_agent_gemma-4-26b-a4b-it_20260514_043303_256718"", ""mentioned_tool_but_not_called"": 0, ""missions_completed"": 0, ""no_tool_calls_made"": 0, ""pictures_taken"": 0, ""start_time"": 1778733183.1699045, ""tool_calls_invalid_json"": 0, ""tool_calls_missing_fields"": 0, ""tool_calls_nonexistent"": 0, ""tool_calls_present"": 0, ""tool_calls_with_args"": 0, ""tools_transitions"": 0, ""used_model"": """", ""validation_turns"": 0}",0,0.0,0,0.0
2026-05-14T04:50:54.147439+00:00,No,code-gemma-4-31b-it,easy,run_20260514044058;run_20260514044701,795.287,15.023,9.647,68.475,10.932,44.732,21.512,137.081,0,28.718,10.547,23.783,1.301,45.283,23.07,170.885,0,"{""agent_turns"": 1, ""duration_sec"": 137.036, ""end_time"": 1778733795.2724593, ""graph_loops"": 0, ""graph_recursion_errors"": 0, ""hint_used"": ""easy"", ""langsmith_thread_id"": ""code_agent_gemma-4-31b-it_20260514_044059_624115"", ""mentioned_tool_but_not_called"": 0, ""missions_completed"": 0, ""no_tool_calls_made"": 0, ""pictures_taken"": 0, ""start_time"": 1778733658.236192, ""tool_calls_invalid_json"": 0, ""tool_calls_missing_fields"": 0, ""tool_calls_nonexistent"": 0, ""tool_calls_present"": 0, ""tool_calls_with_args"": 0, ""tools_transitions"": 0, ""used_model"": """", ""validation_turns"": 0}","{""agent_turns"": 1, ""duration_sec"": 170.848, ""end_time"": 1778734192.340391, ""graph_loops"": 0, ""graph_recursion_errors"": 0, ""hint_used"": ""easy"", ""langsmith_thread_id"": ""code_agent_gemma-4-31b-it_20260514_044701_579274"", ""mentioned_tool_but_not_called"": 0, ""missions_completed"": 0, ""no_tool_calls_made"": 0, ""pictures_taken"": 0, ""start_time"": 1778734021.491934, ""tool_calls_invalid_json"": 0, ""tool_calls_missing_fields"": 0, ""tool_calls_nonexistent"": 0, ""tool_calls_present"": 0, ""tool_calls_with_args"": 0, ""tools_transitions"": 0, ""used_model"": """", ""validation_turns"": 0}",0,0.0,0,0.0
2026-05-14T05:06:46.281918+00:00,No,code-gemma-4-31b-it,medium,run_20260514045514;run_20260514050330,914.556,15.444,20.483,66.188,20.034,44.47,27.074,260.403,0,26.233,14.997,23.981,1.343,46.23,31.238,133.098,0,"{""agent_turns"": 1, ""duration_sec"": 260.362, ""end_time"": 1778734774.8384714, ""graph_loops"": 0, ""graph_recursion_errors"": 0, ""hint_used"": ""medium"", ""langsmith_thread_id"": ""code_agent_gemma-4-31b-it_20260514_045515_914803"", ""mentioned_tool_but_not_called"": 0, ""missions_completed"": 0, ""no_tool_calls_made"": 0, ""pictures_taken"": 0, ""start_time"": 1778734514.4760728, ""tool_calls_invalid_json"": 0, ""tool_calls_missing_fields"": 0, ""tool_calls_nonexistent"": 0, ""tool_calls_present"": 0, ""tool_calls_with_args"": 0, ""tools_transitions"": 0, ""used_model"": """", ""validation_turns"": 0}","{""agent_turns"": 1, ""duration_sec"": 133.04, ""end_time"": 1778735143.2788405, ""graph_loops"": 0, ""graph_recursion_errors"": 0, ""hint_used"": ""medium"", ""langsmith_thread_id"": ""code_agent_gemma-4-31b-it_20260514_050330_335632"", ""mentioned_tool_but_not_called"": 0, ""missions_completed"": 0, ""no_tool_calls_made"": 0, ""pictures_taken"": 0, ""start_time"": 1778735010.2389467, ""tool_calls_invalid_json"": 0, ""tool_calls_missing_fields"": 0, ""tool_calls_nonexistent"": 0, ""tool_calls_present"": 0, ""tool_calls_with_args"": 0, ""tools_transitions"": 0, ""used_model"": """", ""validation_turns"": 0}",0,0.0,0,0.0
2026-05-14T05:21:15.590210+00:00,No,code-gemma-4-31b-it,hard,run_20260514051108;run_20260514051809,831.663,17.986,14.302,72.397,18.966,44.636,26.734,168.742,0,27.529,8.608,23.941,1.27,45.587,53.267,122.81,0,"{""agent_turns"": 1, ""duration_sec"": 168.681, ""end_time"": 1778735636.6871912, ""graph_loops"": 0, ""graph_recursion_errors"": 0, ""hint_used"": ""hard"", ""langsmith_thread_id"": ""code_agent_gemma-4-31b-it_20260514_051109_532523"", ""mentioned_tool_but_not_called"": 0, ""missions_completed"": 0, ""no_tool_calls_made"": 0, ""pictures_taken"": 0, ""start_time"": 1778735468.005693, ""tool_calls_invalid_json"": 0, ""tool_calls_missing_fields"": 0, ""tool_calls_nonexistent"": 0, ""tool_calls_present"": 0, ""tool_calls_with_args"": 0, ""tools_transitions"": 0, ""used_model"": """", ""validation_turns"": 0}","{""agent_turns"": 1, ""duration_sec"": 122.768, ""end_time"": 1778736012.667141, ""graph_loops"": 0, ""graph_recursion_errors"": 0, ""hint_used"": ""hard"", ""langsmith_thread_id"": ""code_agent_gemma-4-31b-it_20260514_051809_986793"", ""mentioned_tool_but_not_called"": 0, ""missions_completed"": 0, ""no_tool_calls_made"": 0, ""pictures_taken"": 0, ""start_time"": 1778735889.8994358, ""tool_calls_invalid_json"": 0, ""tool_calls_missing_fields"": 0, ""tool_calls_nonexistent"": 0, ""tool_calls_present"": 0, ""tool_calls_with_args"": 0, ""tools_transitions"": 0, ""used_model"": """", ""validation_turns"": 0}",0,0.0,0,0.0
2026-05-14T14:55:28.705979+00:00,No,code-gemini-2.5-flash-lite,easy,run_20260514144921;run_20260514145412,579.302,19.195,13.419,67.298,6.296,46.066,30.694,42.163,6,28.068,30.143,24.018,5.467,46.217,25.179,15.924,2,"{""agent_turns"": 1, ""duration_sec"": 42.114, ""end_time"": 1778770203.541545, ""graph_loops"": 0, ""graph_recursion_errors"": 0, ""hint_used"": ""easy"", ""langsmith_thread_id"": ""code_agent_gemini-2.5-flash-lite_20260514_144923_243901"", ""mentioned_tool_but_not_called"": 0, ""missions_completed"": 1, ""no_tool_calls_made"": 0, ""pictures_taken"": 6, ""start_time"": 1778770161.427905, ""tool_calls_invalid_json"": 0, ""tool_calls_missing_fields"": 0, ""tool_calls_nonexistent"": 0, ""tool_calls_present"": 0, ""tool_calls_with_args"": 0, ""tools_transitions"": 6, ""used_model"": ""gemini-2.5-flash-lite"", ""validation_turns"": 0}","{""agent_turns"": 1, ""duration_sec"": 15.872, ""end_time"": 1778770468.446214, ""graph_loops"": 0, ""graph_recursion_errors"": 0, ""hint_used"": ""easy"", ""langsmith_thread_id"": ""code_agent_gemini-2.5-flash-lite_20260514_145412_677987"", ""mentioned_tool_but_not_called"": 0, ""missions_completed"": 0, ""no_tool_calls_made"": 0, ""pictures_taken"": 2, ""start_time"": 1778770452.5739994, ""tool_calls_invalid_json"": 0, ""tool_calls_missing_fields"": 0, ""tool_calls_nonexistent"": 0, ""tool_calls_present"": 0, ""tool_calls_with_args"": 0, ""tools_transitions"": 2, ""used_model"": """", ""validation_turns"": 0}",0,0.0,0,0.0
2026-05-14T15:12:46.971528+00:00,No,code-gemini-2.5-flash-lite,medium,run_20260514145943;run_20260514150817,998.874,19.194,10.089,73.928,7.343,46.192,29.209,206.735,50,29.554,5.452,72.235,28.564,47.084,32.508,205.549,50,"{""agent_turns"": 1, ""duration_sec"": 206.67, ""end_time"": 1778770989.7839952, ""graph_loops"": 0, ""graph_recursion_errors"": 0, ""hint_used"": ""medium"", ""langsmith_thread_id"": ""code_agent_gemini-2.5-flash-lite_20260514_145944_979374"", ""mentioned_tool_but_not_called"": 0, ""missions_completed"": 0, ""no_tool_calls_made"": 0, ""pictures_taken"": 50, ""start_time"": 1778770783.114369, ""tool_calls_invalid_json"": 0, ""tool_calls_missing_fields"": 0, ""tool_calls_nonexistent"": 0, ""tool_calls_present"": 0, ""tool_calls_with_args"": 0, ""tools_transitions"": 50, ""used_model"": """", ""validation_turns"": 0}","{""agent_turns"": 1, ""duration_sec"": 205.49, ""end_time"": 1778771503.1256576, ""graph_loops"": 0, ""graph_recursion_errors"": 0, ""hint_used"": ""medium"", ""langsmith_thread_id"": ""code_agent_gemini-2.5-flash-lite_20260514_150817_728088"", ""mentioned_tool_but_not_called"": 0, ""missions_completed"": 0, ""no_tool_calls_made"": 0, ""pictures_taken"": 50, ""start_time"": 1778771297.6356184, ""tool_calls_invalid_json"": 0, ""tool_calls_missing_fields"": 0, ""tool_calls_nonexistent"": 0, ""tool_calls_present"": 0, ""tool_calls_with_args"": 0, ""tools_transitions"": 50, ""used_model"": """", ""validation_turns"": 0}",0,0.0,0,0.0
2026-05-14T15:23:12.101056+00:00,No,code-gemini-2.5-flash-lite,hard,run_20260514151659;run_20260514152206,586.285,16.764,9.879,73.291,17.107,44.543,23.174,19.569,0,27.582,16.729,68.22,5.843,45.547,33.303,1.854,0,"{""agent_turns"": 1, ""duration_sec"": 19.513, ""end_time"": 1778771839.1455095, ""graph_loops"": 0, ""graph_recursion_errors"": 0, ""hint_used"": ""hard"", ""langsmith_thread_id"": ""code_agent_gemini-2.5-flash-lite_20260514_151701_066286"", ""mentioned_tool_but_not_called"": 0, ""missions_completed"": 0, ""no_tool_calls_made"": 0, ""pictures_taken"": 0, ""start_time"": 1778771819.6323216, ""tool_calls_invalid_json"": 0, ""tool_calls_missing_fields"": 0, ""tool_calls_nonexistent"": 0, ""tool_calls_present"": 0, ""tool_calls_with_args"": 0, ""tools_transitions"": 0, ""used_model"": """", ""validation_turns"": 0}","{""agent_turns"": 1, ""duration_sec"": 1.801, ""end_time"": 1778772128.5928724, ""graph_loops"": 0, ""graph_recursion_errors"": 0, ""hint_used"": ""hard"", ""langsmith_thread_id"": ""code_agent_gemini-2.5-flash-lite_20260514_152206_887754"", ""mentioned_tool_but_not_called"": 0, ""missions_completed"": 0, ""no_tool_calls_made"": 0, ""pictures_taken"": 0, ""start_time"": 1778772126.7918823, ""tool_calls_invalid_json"": 0, ""tool_calls_missing_fields"": 0, ""tool_calls_nonexistent"": 0, ""tool_calls_present"": 0, ""tool_calls_with_args"": 0, ""tools_transitions"": 0, ""used_model"": """", ""validation_turns"": 0}",0,0.0,0,0.0
2026-05-14T15:41:00.970020+00:00,No,code-gemini-2.5-pro,easy,run_20260514152738;run_20260514153828,1022.387,16.738,10.05,70.024,13.695,45.044,35.064,147.07,8,169.368,50.61,78.764,1.296,63.383,48.849,92.648,8,"{""agent_turns"": 1, ""duration_sec"": 146.993, ""end_time"": 1778772605.2517593, ""graph_loops"": 0, ""graph_recursion_errors"": 0, ""hint_used"": ""easy"", ""langsmith_thread_id"": ""code_agent_gemini-2.5-pro_20260514_152739_662808"", ""mentioned_tool_but_not_called"": 0, ""missions_completed"": 1, ""no_tool_calls_made"": 0, ""pictures_taken"": 8, ""start_time"": 1778772458.2582688, ""tool_calls_invalid_json"": 0, ""tool_calls_missing_fields"": 0, ""tool_calls_nonexistent"": 0, ""tool_calls_present"": 0, ""tool_calls_with_args"": 0, ""tools_transitions"": 8, ""used_model"": ""gemini-2.5-pro"", ""validation_turns"": 0}","{""agent_turns"": 1, ""duration_sec"": 92.595, ""end_time"": 1778773200.740101, ""graph_loops"": 0, ""graph_recursion_errors"": 0, ""hint_used"": ""easy"", ""langsmith_thread_id"": ""code_agent_gemini-2.5-pro_20260514_153828_238972"", ""mentioned_tool_but_not_called"": 0, ""missions_completed"": 1, ""no_tool_calls_made"": 0, ""pictures_taken"": 8, ""start_time"": 1778773108.145173, ""tool_calls_invalid_json"": 0, ""tool_calls_missing_fields"": 0, ""tool_calls_nonexistent"": 0, ""tool_calls_present"": 0, ""tool_calls_with_args"": 0, ""tools_transitions"": 8, ""used_model"": ""gemini-2.5-pro"", ""validation_turns"": 0}",0,0.0,0,0.0
2026-05-14T15:53:40.416720+00:00,No,code-gemini-2.5-pro,medium,run_20260514154555;run_20260514155054,713.427,18.079,18.414,72.391,6.51,71.568,32.363,76.526,8,24.361,12.073,24.035,1.362,46.34,24.176,105.589,6,"{""agent_turns"": 1, ""duration_sec"": 76.464, ""end_time"": 1778773631.8358583, ""graph_loops"": 0, ""graph_recursion_errors"": 0, ""hint_used"": ""medium"", ""langsmith_thread_id"": ""code_agent_gemini-2.5-pro_20260514_154556_871173"", ""mentioned_tool_but_not_called"": 0, ""missions_completed"": 1, ""no_tool_calls_made"": 0, ""pictures_taken"": 8, ""start_time"": 1778773555.372125, ""tool_calls_invalid_json"": 0, ""tool_calls_missing_fields"": 0, ""tool_calls_nonexistent"": 0, ""tool_calls_present"": 0, ""tool_calls_with_args"": 0, ""tools_transitions"": 8, ""used_model"": ""gemini-2.5-pro"", ""validation_turns"": 0}","{""agent_turns"": 1, ""duration_sec"": 105.525, ""end_time"": 1778773960.2792857, ""graph_loops"": 0, ""graph_recursion_errors"": 0, ""hint_used"": ""medium"", ""langsmith_thread_id"": ""code_agent_gemini-2.5-pro_20260514_155054_868765"", ""mentioned_tool_but_not_called"": 0, ""missions_completed"": 1, ""no_tool_calls_made"": 0, ""pictures_taken"": 6, ""start_time"": 1778773854.753831, ""tool_calls_invalid_json"": 0, ""tool_calls_missing_fields"": 0, ""tool_calls_nonexistent"": 0, ""tool_calls_present"": 0, ""tool_calls_with_args"": 0, ""tools_transitions"": 6, ""used_model"": ""gemini-2.5-pro"", ""validation_turns"": 0}",0,0.0,0,0.0
2026-05-14T16:06:01.141421+00:00,No,code-gemini-2.5-pro,hard,run_20260514155751;run_20260514160321,694.348,16.141,18.29,67.157,5.398,44.189,24.168,101.884,6,25.832,9.531,23.806,1.363,45.526,30.801,98.567,6,"{""agent_turns"": 1, ""duration_sec"": 101.82, ""end_time"": 1778774373.0285175, ""graph_loops"": 0, ""graph_recursion_errors"": 0, ""hint_used"": ""hard"", ""langsmith_thread_id"": ""code_agent_gemini-2.5-pro_20260514_155752_835817"", ""mentioned_tool_but_not_called"": 0, ""missions_completed"": 1, ""no_tool_calls_made"": 0, ""pictures_taken"": 6, ""start_time"": 1778774271.2087736, ""tool_calls_invalid_json"": 0, ""tool_calls_missing_fields"": 0, ""tool_calls_nonexistent"": 0, ""tool_calls_present"": 0, ""tool_calls_with_args"": 0, ""tools_transitions"": 6, ""used_model"": ""gemini-2.5-pro"", ""validation_turns"": 0}","{""agent_turns"": 1, ""duration_sec"": 98.503, ""end_time"": 1778774700.29356, ""graph_loops"": 0, ""graph_recursion_errors"": 0, ""hint_used"": ""hard"", ""langsmith_thread_id"": ""code_agent_gemini-2.5-pro_20260514_160321_897643"", ""mentioned_tool_but_not_called"": 0, ""missions_completed"": 1, ""no_tool_calls_made"": 0, ""pictures_taken"": 6, ""start_time"": 1778774601.7907233, ""tool_calls_invalid_json"": 0, ""tool_calls_missing_fields"": 0, ""tool_calls_nonexistent"": 0, ""tool_calls_present"": 0, ""tool_calls_with_args"": 0, ""tools_transitions"": 6, ""used_model"": ""gemini-2.5-pro"", ""validation_turns"": 0}",0,0.0,0,0.0
2026-05-14T16:16:53.726824+00:00,Yes,greedy,,run_20260514161013,606.304,15.693,9.641,69.85,11.419,47.408,23.399,69.769,13,165.973,6.434,87.209,1.373,,,,,"{""agent_turns"": 0, ""duration_sec"": 69.715, ""end_time"": 1778775083.6121154, ""graph_loops"": 0, ""graph_recursion_errors"": 0, ""mentioned_tool_but_not_called"": 0, ""missions_completed"": 1, ""no_tool_calls_made"": 0, ""pictures_taken"": 13, ""start_time"": 1778775013.8969078, ""tool_calls_invalid_json"": 0, ""tool_calls_missing_fields"": 0, ""tool_calls_nonexistent"": 0, ""tool_calls_present"": 0, ""tool_calls_with_args"": 0, ""tools_transitions"": 13, ""validation_turns"": 0}",{},0,0.0,,
2026-05-14T16:27:30.823123+00:00,No,gemini-2.5-flash-lite,easy,run_20260514162122;run_20260514162636,590.876,17.734,22.614,69.338,13.342,45.756,24.71,76.525,10,32.591,17.757,71.513,5.286,45.825,34.136,52.119,6,"{""agent_turns"": 16, ""duration_sec"": 75.008, ""end_time"": 1778775758.9867017, ""graph_loops"": 16, ""graph_recursion_errors"": 0, ""hint_used"": ""easy"", ""mentioned_tool_but_not_called"": 0, ""missions_completed"": 1, ""no_tool_calls_made"": 5, ""pictures_taken"": 10, ""start_time"": 1778775683.9788692, ""tool_calls_invalid_json"": 0, ""tool_calls_missing_fields"": 0, ""tool_calls_nonexistent"": 0, ""tool_calls_present"": 10, ""tool_calls_with_args"": 0, ""tools_transitions"": 15, ""validation_turns"": 16}","{""agent_turns"": 16, ""duration_sec"": 51.957, ""end_time"": 1778776048.8936288, ""graph_loops"": 16, ""graph_recursion_errors"": 0, ""hint_used"": ""easy"", ""mentioned_tool_but_not_called"": 5, ""missions_completed"": 1, ""no_tool_calls_made"": 3, ""pictures_taken"": 6, ""start_time"": 1778775996.9368372, ""tool_calls_invalid_json"": 0, ""tool_calls_missing_fields"": 0, ""tool_calls_nonexistent"": 0, ""tool_calls_present"": 6, ""tool_calls_with_args"": 0, ""tools_transitions"": 15, ""validation_turns"": 16}",19537,0.00192736,18990,0.00191838
2026-05-14T16:38:34.218034+00:00,No,gemini-2.5-flash-lite,medium,run_20260514163129;run_20260514163618,625.441,16.895,14.217,66.567,5.33,45.147,23.146,59.142,6,43.326,24.36,23.873,17.977,45.601,44.404,133.946,8,"{""agent_turns"": 18, ""duration_sec"": 57.669, ""end_time"": 1778776348.2303233, ""graph_loops"": 18, ""graph_recursion_errors"": 0, ""hint_used"": ""medium"", ""mentioned_tool_but_not_called"": 0, ""missions_completed"": 1, ""no_tool_calls_made"": 11, ""pictures_taken"": 6, ""start_time"": 1778776290.5616064, ""tool_calls_invalid_json"": 0, ""tool_calls_missing_fields"": 0, ""tool_calls_nonexistent"": 0, ""tool_calls_present"": 6, ""tool_calls_with_args"": 0, ""tools_transitions"": 17, ""validation_turns"": 18}","{""agent_turns"": 12, ""duration_sec"": 133.803, ""end_time"": 1778776712.6650112, ""graph_loops"": 12, ""graph_recursion_errors"": 0, ""hint_used"": ""medium"", ""mentioned_tool_but_not_called"": 0, ""missions_completed"": 1, ""no_tool_calls_made"": 3, ""pictures_taken"": 8, ""start_time"": 1778776578.8616195, ""tool_calls_invalid_json"": 0, ""tool_calls_missing_fields"": 0, ""tool_calls_nonexistent"": 0, ""tool_calls_present"": 8, ""tool_calls_with_args"": 0, ""tools_transitions"": 11, ""validation_turns"": 12}",18077,0.0018779,12200,0.0013112
2026-05-14T16:49:11.029268+00:00,No,gemini-2.5-flash-lite,hard,run_20260514164303;run_20260514164820,590.554,18.539,10.143,69.876,19.495,48.934,27.468,103.048,16,32.046,45.043,24.303,5.678,47.015,28.458,48.272,6,"{""agent_turns"": 20, ""duration_sec"": 101.445, ""end_time"": 1778777086.9870281, ""graph_loops"": 20, ""graph_recursion_errors"": 0, ""hint_used"": ""hard"", ""mentioned_tool_but_not_called"": 0, ""missions_completed"": 1, ""no_tool_calls_made"": 3, ""pictures_taken"": 16, ""start_time"": 1778776985.5420775, ""tool_calls_invalid_json"": 0, ""tool_calls_missing_fields"": 0, ""tool_calls_nonexistent"": 0, ""tool_calls_present"": 16, ""tool_calls_with_args"": 0, ""tools_transitions"": 19, ""validation_turns"": 20}","{""agent_turns"": 10, ""duration_sec"": 48.04, ""end_time"": 1778777349.067959, ""graph_loops"": 10, ""graph_recursion_errors"": 0, ""hint_used"": ""hard"", ""mentioned_tool_but_not_called"": 0, ""missions_completed"": 1, ""no_tool_calls_made"": 3, ""pictures_taken"": 6, ""start_time"": 1778777301.0277376, ""tool_calls_invalid_json"": 0, ""tool_calls_missing_fields"": 0, ""tool_calls_nonexistent"": 0, ""tool_calls_present"": 6, ""tool_calls_with_args"": 0, ""tools_transitions"": 9, ""validation_turns"": 10}",25777,0.00199531,9216,0.0009912
2026-05-14T16:59:01.619120+00:00,No,gemini-2.5-pro,easy,run_20260514165355;run_20260514165756,542.974,27.009,19.685,72.576,20.155,46.146,21.904,69.234,6,25.08,1.349,24.15,5.721,47.563,37.981,61.574,6,"{""agent_turns"": 7, ""duration_sec"": 67.144, ""end_time"": 1778777704.3713534, ""graph_loops"": 7, ""graph_recursion_errors"": 0, ""hint_used"": ""easy"", ""mentioned_tool_but_not_called"": 0, ""missions_completed"": 1, ""no_tool_calls_made"": 0, ""pictures_taken"": 6, ""start_time"": 1778777637.2271554, ""tool_calls_invalid_json"": 0, ""tool_calls_missing_fields"": 0, ""tool_calls_nonexistent"": 0, ""tool_calls_present"": 6, ""tool_calls_with_args"": 0, ""tools_transitions"": 6, ""validation_turns"": 7}","{""agent_turns"": 7, ""duration_sec"": 61.368, ""end_time"": 1778777938.3375793, ""graph_loops"": 7, ""graph_recursion_errors"": 0, ""hint_used"": ""easy"", ""mentioned_tool_but_not_called"": 0, ""missions_completed"": 1, ""no_tool_calls_made"": 0, ""pictures_taken"": 6, ""start_time"": 1778777876.9693213, ""tool_calls_invalid_json"": 0, ""tool_calls_missing_fields"": 0, ""tool_calls_nonexistent"": 0, ""tool_calls_present"": 6, ""tool_calls_with_args"": 0, ""tools_transitions"": 6, ""validation_turns"": 7}",11952,0.03452475,11530,0.0271525
2026-05-14T17:09:36.768713+00:00,No,gemini-2.5-pro,medium,run_20260514170328;run_20260514170815,597.201,17.301,23.188,74.285,13.565,46.043,25.018,97.694,6,30.873,10.745,24.031,23.317,46.831,22.958,79.657,6,"{""agent_turns"": 7, ""duration_sec"": 95.922, ""end_time"": 1778778305.6677365, ""graph_loops"": 7, ""graph_recursion_errors"": 0, ""hint_used"": ""medium"", ""mentioned_tool_but_not_called"": 0, ""missions_completed"": 1, ""no_tool_calls_made"": 0, ""pictures_taken"": 6, ""start_time"": 1778778209.7455678, ""tool_calls_invalid_json"": 0, ""tool_calls_missing_fields"": 0, ""tool_calls_nonexistent"": 0, ""tool_calls_present"": 6, ""tool_calls_with_args"": 0, ""tools_transitions"": 6, ""validation_turns"": 7}","{""agent_turns"": 7, ""duration_sec"": 79.516, ""end_time"": 1778778574.9245634, ""graph_loops"": 7, ""graph_recursion_errors"": 0, ""hint_used"": ""medium"", ""mentioned_tool_but_not_called"": 0, ""missions_completed"": 1, ""no_tool_calls_made"": 0, ""pictures_taken"": 6, ""start_time"": 1778778495.4086475, ""tool_calls_invalid_json"": 0, ""tool_calls_missing_fields"": 0, ""tool_calls_nonexistent"": 0, ""tool_calls_present"": 6, ""tool_calls_with_args"": 0, ""tools_transitions"": 6, ""validation_turns"": 7}",12139,0.05351625,14940,0.04028063
2026-05-14T17:19:24.982216+00:00,No,gemini-2.5-pro,hard,run_20260514171356;run_20260514171806,541.08,15.757,19.315,68.522,10.152,44.269,25.41,82.218,6,27.265,6.04,23.907,5.759,45.199,27.936,74.432,6,"{""agent_turns"": 7, ""duration_sec"": 80.697, ""end_time"": 1778778918.5545924, ""graph_loops"": 7, ""graph_recursion_errors"": 0, ""hint_used"": ""hard"", ""mentioned_tool_but_not_called"": 0, ""missions_completed"": 1, ""no_tool_calls_made"": 0, ""pictures_taken"": 6, ""start_time"": 1778778837.8572664, ""tool_calls_invalid_json"": 0, ""tool_calls_missing_fields"": 0, ""tool_calls_nonexistent"": 0, ""tool_calls_present"": 6, ""tool_calls_with_args"": 0, ""tools_transitions"": 6, ""validation_turns"": 7}","{""agent_turns"": 7, ""duration_sec"": 74.269, ""end_time"": 1778779160.4261374, ""graph_loops"": 7, ""graph_recursion_errors"": 0, ""hint_used"": ""hard"", ""mentioned_tool_but_not_called"": 0, ""missions_completed"": 1, ""no_tool_calls_made"": 0, ""pictures_taken"": 6, ""start_time"": 1778779086.1571555, ""tool_calls_invalid_json"": 0, ""tool_calls_missing_fields"": 0, ""tool_calls_nonexistent"": 0, ""tool_calls_present"": 6, ""tool_calls_with_args"": 0, ""tools_transitions"": 6, ""validation_turns"": 7}",16943,0.05951162,16549,0.05334125
2026-05-14T22:01:59.545409+00:00,No,code-gemma-4-26b-a4b-it,easy,run_20260514215654;run_20260514220058,517.24,15.364,21.878,71.974,6.092,44.169,23.782,0.043,0,29.909,1.359,23.884,20.92,47.288,28.789,0.039,0,"{""agent_turns"": 0, ""duration_sec"": 0.001, ""end_time"": 1778795814.6244817, ""graph_loops"": 0, ""graph_recursion_errors"": 0, ""hint_used"": ""easy"", ""langsmith_thread_id"": """", ""mentioned_tool_but_not_called"": 0, ""missions_completed"": 0, ""no_tool_calls_made"": 0, ""pictures_taken"": 0, ""start_time"": 1778795814.6230912, ""tool_calls_invalid_json"": 0, ""tool_calls_missing_fields"": 0, ""tool_calls_nonexistent"": 0, ""tool_calls_present"": 0, ""tool_calls_with_args"": 0, ""tools_transitions"": 0, ""used_model"": """", ""validation_turns"": 0}","{""agent_turns"": 0, ""duration_sec"": 0.0, ""end_time"": 1778796058.9357154, ""graph_loops"": 0, ""graph_recursion_errors"": 0, ""hint_used"": ""easy"", ""langsmith_thread_id"": """", ""mentioned_tool_but_not_called"": 0, ""missions_completed"": 0, ""no_tool_calls_made"": 0, ""pictures_taken"": 0, ""start_time"": 1778796058.9355881, ""tool_calls_invalid_json"": 0, ""tool_calls_missing_fields"": 0, ""tool_calls_nonexistent"": 0, ""tool_calls_present"": 0, ""tool_calls_with_args"": 0, ""tools_transitions"": 0, ""used_model"": """", ""validation_turns"": 0}",0,0.0,0,0.0
2026-05-14T22:11:40.639370+00:00,No,code-gemma-4-26b-a4b-it,medium,run_20260514220619;run_20260514221038,541.555,15.646,16.075,71.262,10.894,45.123,32.803,0.042,0,45.895,14.518,24.711,1.345,45.692,35.947,0.131,0,"{""agent_turns"": 0, ""duration_sec"": 0.0, ""end_time"": 1778796379.958875, ""graph_loops"": 0, ""graph_recursion_errors"": 0, ""hint_used"": ""medium"", ""langsmith_thread_id"": """", ""mentioned_tool_but_not_called"": 0, ""missions_completed"": 0, ""no_tool_calls_made"": 0, ""pictures_taken"": 0, ""start_time"": 1778796379.9587293, ""tool_calls_invalid_json"": 0, ""tool_calls_missing_fields"": 0, ""tool_calls_nonexistent"": 0, ""tool_calls_present"": 0, ""tool_calls_with_args"": 0, ""tools_transitions"": 0, ""used_model"": """", ""validation_turns"": 0}","{""agent_turns"": 0, ""duration_sec"": 0.001, ""end_time"": 1778796638.2805068, ""graph_loops"": 0, ""graph_recursion_errors"": 0, ""hint_used"": ""medium"", ""langsmith_thread_id"": """", ""mentioned_tool_but_not_called"": 0, ""missions_completed"": 0, ""no_tool_calls_made"": 0, ""pictures_taken"": 0, ""start_time"": 1778796638.2797117, ""tool_calls_invalid_json"": 0, ""tool_calls_missing_fields"": 0, ""tool_calls_nonexistent"": 0, ""tool_calls_present"": 0, ""tool_calls_with_args"": 0, ""tools_transitions"": 0, ""used_model"": """", ""validation_turns"": 0}",0,0.0,0,0.0
2026-05-14T22:21:23.232688+00:00,No,code-gemma-4-26b-a4b-it,hard,run_20260514221604;run_20260514222019,535.75,15.866,19.371,72.636,6.346,45.601,27.953,0.038,0,40.531,10.548,24.074,16.25,46.125,28.365,0.053,0,"{""agent_turns"": 0, ""duration_sec"": 0.0, ""end_time"": 1778796964.3227646, ""graph_loops"": 0, ""graph_recursion_errors"": 0, ""hint_used"": ""hard"", ""langsmith_thread_id"": """", ""mentioned_tool_but_not_called"": 0, ""missions_completed"": 0, ""no_tool_calls_made"": 0, ""pictures_taken"": 0, ""start_time"": 1778796964.322643, ""tool_calls_invalid_json"": 0, ""tool_calls_missing_fields"": 0, ""tool_calls_nonexistent"": 0, ""tool_calls_present"": 0, ""tool_calls_with_args"": 0, ""tools_transitions"": 0, ""used_model"": """", ""validation_turns"": 0}","{""agent_turns"": 0, ""duration_sec"": 0.001, ""end_time"": 1778797219.4533887, ""graph_loops"": 0, ""graph_recursion_errors"": 0, ""hint_used"": ""hard"", ""langsmith_thread_id"": """", ""mentioned_tool_but_not_called"": 0, ""missions_completed"": 0, ""no_tool_calls_made"": 0, ""pictures_taken"": 0, ""start_time"": 1778797219.4527078, ""tool_calls_invalid_json"": 0, ""tool_calls_missing_fields"": 0, ""tool_calls_nonexistent"": 0, ""tool_calls_present"": 0, ""tool_calls_with_args"": 0, ""tools_transitions"": 0, ""used_model"": """", ""validation_turns"": 0}",0,0.0,0,0.0
2026-05-14T22:30:29.690258+00:00,No,code-gemma-4-31b-it,easy,run_20260514222550;run_20260514222927,500.103,15.864,28.926,72.012,6.256,45.494,22.99,0.038,0,28.444,1.341,23.896,1.315,45.617,23.766,0.04,0,"{""agent_turns"": 0, ""duration_sec"": 0.0, ""end_time"": 1778797550.1921165, ""graph_loops"": 0, ""graph_recursion_errors"": 0, ""hint_used"": ""easy"", ""langsmith_thread_id"": """", ""mentioned_tool_but_not_called"": 0, ""missions_completed"": 0, ""no_tool_calls_made"": 0, ""pictures_taken"": 0, ""start_time"": 1778797550.1919186, ""tool_calls_invalid_json"": 0, ""tool_calls_missing_fields"": 0, ""tool_calls_nonexistent"": 0, ""tool_calls_present"": 0, ""tool_calls_with_args"": 0, ""tools_transitions"": 0, ""used_model"": """", ""validation_turns"": 0}","{""agent_turns"": 0, ""duration_sec"": 0.0, ""end_time"": 1778797767.169281, ""graph_loops"": 0, ""graph_recursion_errors"": 0, ""hint_used"": ""easy"", ""langsmith_thread_id"": """", ""mentioned_tool_but_not_called"": 0, ""missions_completed"": 0, ""no_tool_calls_made"": 0, ""pictures_taken"": 0, ""start_time"": 1778797767.1691535, ""tool_calls_invalid_json"": 0, ""tool_calls_missing_fields"": 0, ""tool_calls_nonexistent"": 0, ""tool_calls_present"": 0, ""tool_calls_with_args"": 0, ""tools_transitions"": 0, ""used_model"": """", ""validation_turns"": 0}",0,0.0,0,0.0
2026-05-14T22:39:42.140909+00:00,No,code-gemma-4-31b-it,medium,run_20260514223446;run_20260514223840,514.39,17.071,9.772,72.142,21.622,44.481,24.362,0.038,0,29.727,5.697,24.058,5.662,46.448,31.501,0.042,0,"{""agent_turns"": 0, ""duration_sec"": 0.0, ""end_time"": 1778798086.2640474, ""graph_loops"": 0, ""graph_recursion_errors"": 0, ""hint_used"": ""medium"", ""langsmith_thread_id"": """", ""mentioned_tool_but_not_called"": 0, ""missions_completed"": 0, ""no_tool_calls_made"": 0, ""pictures_taken"": 0, ""start_time"": 1778798086.2639537, ""tool_calls_invalid_json"": 0, ""tool_calls_missing_fields"": 0, ""tool_calls_nonexistent"": 0, ""tool_calls_present"": 0, ""tool_calls_with_args"": 0, ""tools_transitions"": 0, ""used_model"": """", ""validation_turns"": 0}","{""agent_turns"": 0, ""duration_sec"": 0.0, ""end_time"": 1778798320.258749, ""graph_loops"": 0, ""graph_recursion_errors"": 0, ""hint_used"": ""medium"", ""langsmith_thread_id"": """", ""mentioned_tool_but_not_called"": 0, ""missions_completed"": 0, ""no_tool_calls_made"": 0, ""pictures_taken"": 0, ""start_time"": 1778798320.258625, ""tool_calls_invalid_json"": 0, ""tool_calls_missing_fields"": 0, ""tool_calls_nonexistent"": 0, ""tool_calls_present"": 0, ""tool_calls_with_args"": 0, ""tools_transitions"": 0, ""used_model"": """", ""validation_turns"": 0}",0,0.0,0,0.0
2026-05-14T22:49:06.928687+00:00,No,code-gemma-4-31b-it,hard,run_20260514224352;run_20260514224804,526.54,22.011,10.085,73.508,6.249,47.483,23.806,0.033,0,34.214,19.855,23.935,1.342,45.622,35.592,0.031,0,"{""agent_turns"": 0, ""duration_sec"": 0.001, ""end_time"": 1778798632.5919, ""graph_loops"": 0, ""graph_recursion_errors"": 0, ""hint_used"": ""hard"", ""langsmith_thread_id"": """", ""mentioned_tool_but_not_called"": 0, ""missions_completed"": 0, ""no_tool_calls_made"": 0, ""pictures_taken"": 0, ""start_time"": 1778798632.59115, ""tool_calls_invalid_json"": 0, ""tool_calls_missing_fields"": 0, ""tool_calls_nonexistent"": 0, ""tool_calls_present"": 0, ""tool_calls_with_args"": 0, ""tools_transitions"": 0, ""used_model"": """", ""validation_turns"": 0}","{""agent_turns"": 0, ""duration_sec"": 0.0, ""end_time"": 1778798884.054836, ""graph_loops"": 0, ""graph_recursion_errors"": 0, ""hint_used"": ""hard"", ""langsmith_thread_id"": """", ""mentioned_tool_but_not_called"": 0, ""missions_completed"": 0, ""no_tool_calls_made"": 0, ""pictures_taken"": 0, ""start_time"": 1778798884.0547473, ""tool_calls_invalid_json"": 0, ""tool_calls_missing_fields"": 0, ""tool_calls_nonexistent"": 0, ""tool_calls_present"": 0, ""tool_calls_with_args"": 0, ""tools_transitions"": 0, ""used_model"": """", ""validation_turns"": 0}",0,0.0,0,0.0
2026-05-15T10:36:29.760400+00:00,No,gemma-4-26b-a4b-it,easy,run_20260515102552;run_20260515103222,840.865,15.908,14.088,68.157,6.87,46.005,23.458,199.049,6,25.08,9.646,24.07,26.504,45.666,28.499,245.939,6,"{""agent_turns"": 7, ""duration_sec"": 197.622, ""end_time"": 1778840951.445068, ""graph_loops"": 7, ""graph_recursion_errors"": 0, ""hint_used"": ""easy"", ""mentioned_tool_but_not_called"": 0, ""missions_completed"": 1, ""no_tool_calls_made"": 0, ""pictures_taken"": 6, ""start_time"": 1778840753.8231523, ""tool_calls_invalid_json"": 0, ""tool_calls_missing_fields"": 0, ""tool_calls_nonexistent"": 0, ""tool_calls_present"": 6, ""tool_calls_with_args"": 0, ""tools_transitions"": 6, ""validation_turns"": 7}","{""agent_turns"": 7, ""duration_sec"": 245.785, ""end_time"": 1778841388.0423846, ""graph_loops"": 7, ""graph_recursion_errors"": 0, ""hint_used"": ""easy"", ""mentioned_tool_but_not_called"": 0, ""missions_completed"": 1, ""no_tool_calls_made"": 0, ""pictures_taken"": 6, ""start_time"": 1778841142.2578664, ""tool_calls_invalid_json"": 0, ""tool_calls_missing_fields"": 0, ""tool_calls_nonexistent"": 0, ""tool_calls_present"": 6, ""tool_calls_with_args"": 0, ""tools_transitions"": 6, ""validation_turns"": 7}",26293,0.0,28407,0.0
2026-05-15T10:52:28.349434+00:00,No,gemma-4-26b-a4b-it,medium,run_20260515104029;run_20260515104914,921.006,15.996,10.422,72.275,6.84,44.888,22.731,341.494,6,26.853,6.915,43.41,1.368,45.962,27.816,191.803,6,"{""agent_turns"": 7, ""duration_sec"": 339.638, ""end_time"": 1778841971.0108857, ""graph_loops"": 7, ""graph_recursion_errors"": 0, ""hint_used"": ""medium"", ""mentioned_tool_but_not_called"": 0, ""missions_completed"": 1, ""no_tool_calls_made"": 0, ""pictures_taken"": 6, ""start_time"": 1778841631.37283, ""tool_calls_invalid_json"": 0, ""tool_calls_missing_fields"": 0, ""tool_calls_nonexistent"": 0, ""tool_calls_present"": 6, ""tool_calls_with_args"": 0, ""tools_transitions"": 6, ""validation_turns"": 7}","{""agent_turns"": 7, ""duration_sec"": 191.624, ""end_time"": 1778842346.2745872, ""graph_loops"": 7, ""graph_recursion_errors"": 0, ""hint_used"": ""medium"", ""mentioned_tool_but_not_called"": 0, ""missions_completed"": 1, ""no_tool_calls_made"": 0, ""pictures_taken"": 6, ""start_time"": 1778842154.6510105, ""tool_calls_invalid_json"": 0, ""tool_calls_missing_fields"": 0, ""tool_calls_nonexistent"": 0, ""tool_calls_present"": 6, ""tool_calls_with_args"": 0, ""tools_transitions"": 6, ""validation_turns"": 7}",41597,0.0,25444,0.0
2026-05-15T11:12:51.891509+00:00,No,gemma-4-26b-a4b-it,hard,run_20260515105747;run_20260515110813,1183.671,20.528,48.956,72.78,6.33,44.538,57.003,385.543,6,41.025,1.419,70.71,10.124,45.968,40.195,275.8,6,"{""agent_turns"": 8, ""duration_sec"": 383.7, ""end_time"": 1778843052.9241982, ""graph_loops"": 8, ""graph_recursion_errors"": 0, ""hint_used"": ""hard"", ""mentioned_tool_but_not_called"": 0, ""missions_completed"": 1, ""no_tool_calls_made"": 0, ""pictures_taken"": 6, ""start_time"": 1778842669.2237644, ""tool_calls_invalid_json"": 0, ""tool_calls_missing_fields"": 0, ""tool_calls_nonexistent"": 0, ""tool_calls_present"": 6, ""tool_calls_with_args"": 0, ""tools_transitions"": 7, ""validation_turns"": 8}","{""agent_turns"": 7, ""duration_sec"": 275.652, ""end_time"": 1778843569.189179, ""graph_loops"": 7, ""graph_recursion_errors"": 0, ""hint_used"": ""hard"", ""mentioned_tool_but_not_called"": 0, ""missions_completed"": 1, ""no_tool_calls_made"": 0, ""pictures_taken"": 6, ""start_time"": 1778843293.5373147, ""tool_calls_invalid_json"": 0, ""tool_calls_missing_fields"": 0, ""tool_calls_nonexistent"": 0, ""tool_calls_present"": 6, ""tool_calls_with_args"": 0, ""tools_transitions"": 6, ""validation_turns"": 7}",38121,0.0,53362,0.0
2026-05-15T11:25:07.311397+00:00,No,gemma-4-31b-it,easy,run_20260515111711;run_20260515112222,697.218,24.041,15.939,68.838,5.669,45.263,32.559,127.012,6,32.685,10.144,24.008,1.412,45.794,39.284,163.237,6,"{""agent_turns"": 7, ""duration_sec"": 125.51, ""end_time"": 1778843958.4205632, ""graph_loops"": 7, ""graph_recursion_errors"": 0, ""hint_used"": ""easy"", ""mentioned_tool_but_not_called"": 0, ""missions_completed"": 1, ""no_tool_calls_made"": 0, ""pictures_taken"": 6, ""start_time"": 1778843832.9104779, ""tool_calls_invalid_json"": 0, ""tool_calls_missing_fields"": 0, ""tool_calls_nonexistent"": 0, ""tool_calls_present"": 6, ""tool_calls_with_args"": 0, ""tools_transitions"": 6, ""validation_turns"": 7}","{""agent_turns"": 7, ""duration_sec"": 163.082, ""end_time"": 1778844305.9891794, ""graph_loops"": 7, ""graph_recursion_errors"": 0, ""hint_used"": ""easy"", ""mentioned_tool_but_not_called"": 0, ""missions_completed"": 1, ""no_tool_calls_made"": 0, ""pictures_taken"": 6, ""start_time"": 1778844142.9071112, ""tool_calls_invalid_json"": 0, ""tool_calls_missing_fields"": 0, ""tool_calls_nonexistent"": 0, ""tool_calls_present"": 6, ""tool_calls_with_args"": 0, ""tools_transitions"": 6, ""validation_turns"": 7}",14928,0.0,15606,0.0
2026-05-15T11:38:24.985878+00:00,No,gemma-4-31b-it,medium,run_20260515112958;run_20260515113541,751.015,16.705,24.048,67.877,31.048,44.309,31.891,175.025,6,31.983,13.781,23.835,1.381,46.342,18.686,160.807,6,"{""agent_turns"": 7, ""duration_sec"": 173.257, ""end_time"": 1778844773.877165, ""graph_loops"": 7, ""graph_recursion_errors"": 0, ""hint_used"": ""medium"", ""mentioned_tool_but_not_called"": 0, ""missions_completed"": 1, ""no_tool_calls_made"": 0, ""pictures_taken"": 6, ""start_time"": 1778844600.6206298, ""tool_calls_invalid_json"": 0, ""tool_calls_missing_fields"": 0, ""tool_calls_nonexistent"": 0, ""tool_calls_present"": 6, ""tool_calls_with_args"": 0, ""tools_transitions"": 6, ""validation_turns"": 7}","{""agent_turns"": 7, ""duration_sec"": 160.65, ""end_time"": 1778845102.5185854, ""graph_loops"": 7, ""graph_recursion_errors"": 0, ""hint_used"": ""medium"", ""mentioned_tool_but_not_called"": 0, ""missions_completed"": 1, ""no_tool_calls_made"": 0, ""pictures_taken"": 6, ""start_time"": 1778844941.8686638, ""tool_calls_invalid_json"": 0, ""tool_calls_missing_fields"": 0, ""tool_calls_nonexistent"": 0, ""tool_calls_present"": 6, ""tool_calls_with_args"": 0, ""tools_transitions"": 6, ""validation_turns"": 7}",41407,0.0,41306,0.0
2026-05-15T11:51:10.034335+00:00,No,gemma-4-31b-it,hard,run_20260515114312;run_20260515114933,726.06,16.698,9.695,73.109,15.452,46.003,58.315,140.804,6,53.033,12.298,72.442,1.298,46.485,23.484,94.695,6,"{""agent_turns"": 7, ""duration_sec"": 139.142, ""end_time"": 1778845533.0715303, ""graph_loops"": 7, ""graph_recursion_errors"": 0, ""hint_used"": ""hard"", ""mentioned_tool_but_not_called"": 0, ""missions_completed"": 1, ""no_tool_calls_made"": 0, ""pictures_taken"": 6, ""start_time"": 1778845393.9292436, ""tool_calls_invalid_json"": 0, ""tool_calls_missing_fields"": 0, ""tool_calls_nonexistent"": 0, ""tool_calls_present"": 6, ""tool_calls_with_args"": 0, ""tools_transitions"": 6, ""validation_turns"": 7}","{""agent_turns"": 8, ""duration_sec"": 94.54, ""end_time"": 1778845867.66407, ""graph_loops"": 8, ""graph_recursion_errors"": 0, ""hint_used"": ""hard"", ""mentioned_tool_but_not_called"": 0, ""missions_completed"": 1, ""no_tool_calls_made"": 0, ""pictures_taken"": 6, ""start_time"": 1778845773.1245341, ""tool_calls_invalid_json"": 0, ""tool_calls_missing_fields"": 0, ""tool_calls_nonexistent"": 0, ""tool_calls_present"": 6, ""tool_calls_with_args"": 0, ""tools_transitions"": 7, ""validation_turns"": 8}",25577,0.0,21338,0.0
2026-05-16T01:10:30.753040+00:00,No,code-gemma-4-26b-a4b-it,easy,run_20260516010526;run_20260516010928,538.913,22.921,10.285,74.13,28.065,47.276,23.31,0.152,0,28.896,14.981,25.625,1.459,52.736,26.69,0.107,0,"{""agent_turns"": 0, ""duration_sec"": 0.003, ""end_time"": 1778893526.932829, ""graph_loops"": 0, ""graph_recursion_errors"": 0, ""hint_used"": ""easy"", ""langsmith_thread_id"": """", ""mentioned_tool_but_not_called"": 0, ""missions_completed"": 0, ""no_tool_calls_made"": 0, ""pictures_taken"": 0, ""start_time"": 1778893526.9303277, ""tool_calls_invalid_json"": 0, ""tool_calls_missing_fields"": 0, ""tool_calls_nonexistent"": 0, ""tool_calls_present"": 0, ""tool_calls_with_args"": 0, ""tools_transitions"": 0, ""used_model"": """", ""validation_turns"": 0}","{""agent_turns"": 0, ""duration_sec"": 0.003, ""end_time"": 1778893768.4324243, ""graph_loops"": 0, ""graph_recursion_errors"": 0, ""hint_used"": ""easy"", ""langsmith_thread_id"": """", ""mentioned_tool_but_not_called"": 0, ""missions_completed"": 0, ""no_tool_calls_made"": 0, ""pictures_taken"": 0, ""start_time"": 1778893768.42978, ""tool_calls_invalid_json"": 0, ""tool_calls_missing_fields"": 0, ""tool_calls_nonexistent"": 0, ""tool_calls_present"": 0, ""tool_calls_with_args"": 0, ""tools_transitions"": 0, ""used_model"": """", ""validation_turns"": 0}",0,0.0,0,0.0

2026-05-16T01:25:34.118684+00:00,No,code-gemma-4-26b-a4b-it,easy,run_20260516012250,394.307,15.111,18.912,71.622,5.918,44.471,45.704,0.054,0,,,,,,,,,"{""agent_turns"": 0, ""duration_sec"": 0.001, ""end_time"": 1778894570.60844, ""graph_loops"": 0, ""graph_recursion_errors"": 0, ""hint_used"": ""easy"", ""langsmith_thread_id"": """", ""mentioned_tool_but_not_called"": 0, ""missions_completed"": 0, ""no_tool_calls_made"": 0, ""pictures_taken"": 0, ""start_time"": 1778894570.6074412, ""tool_calls_invalid_json"": 0, ""tool_calls_missing_fields"": 0, ""tool_calls_nonexistent"": 0, ""tool_calls_present"": 0, ""tool_calls_with_args"": 0, ""tools_transitions"": 0, ""used_model"": """", ""validation_turns"": 0}",,0,0.0,,
2026-05-16T01:34:27.935974+00:00,No,code-gemma-4-26b-a4b-it,easy,run_20260516013234,361.947,16.67,23.454,66.25,20.446,43.977,48.854,0.033,0,,,,,,,,,"{""agent_turns"": 0, ""duration_sec"": 0.001, ""end_time"": 1778895154.6998768, ""graph_loops"": 0, ""graph_recursion_errors"": 0, ""hint_used"": ""easy"", ""langsmith_thread_id"": """", ""mentioned_tool_but_not_called"": 0, ""missions_completed"": 0, ""no_tool_calls_made"": 0, ""pictures_taken"": 0, ""start_time"": 1778895154.6991162, ""tool_calls_invalid_json"": 0, ""tool_calls_missing_fields"": 0, ""tool_calls_nonexistent"": 0, ""tool_calls_present"": 0, ""tool_calls_with_args"": 0, ""tools_transitions"": 0, ""used_model"": """", ""validation_turns"": 0}",,0,0.0,,
2026-05-16T01:41:12.160840+00:00,No,code-gemma-4-26b-a4b-it,easy,run_20260516013913,349.934,15.598,11.127,71.905,25.719,45.656,32.656,0.037,0,,,,,,,,,"{""agent_turns"": 0, ""duration_sec"": 0.0, ""end_time"": 1778895553.9490116, ""graph_loops"": 0, ""graph_recursion_errors"": 0, ""hint_used"": ""easy"", ""langsmith_thread_id"": """", ""mentioned_tool_but_not_called"": 0, ""missions_completed"": 0, ""no_tool_calls_made"": 0, ""pictures_taken"": 0, ""start_time"": 1778895553.948551, ""tool_calls_invalid_json"": 0, ""tool_calls_missing_fields"": 0, ""tool_calls_nonexistent"": 0, ""tool_calls_present"": 0, ""tool_calls_with_args"": 0, ""tools_transitions"": 0, ""used_model"": """", ""validation_turns"": 0}",,0,0.0,,
2026-05-16T01:48:51.804793+00:00,No,code-gemma-4-26b-a4b-it,easy,run_20260516014702,327.612,15.953,24.624,71.065,5.688,44.722,26.724,0.071,0,,,,,,,,,"{""agent_turns"": 0, ""duration_sec"": 0.016, ""end_time"": 1778896022.0672226, ""graph_loops"": 0, ""graph_recursion_errors"": 0, ""hint_used"": ""easy"", ""langsmith_thread_id"": """", ""mentioned_tool_but_not_called"": 0, ""missions_completed"": 0, ""no_tool_calls_made"": 0, ""pictures_taken"": 0, ""start_time"": 1778896022.0510955, ""tool_calls_invalid_json"": 0, ""tool_calls_missing_fields"": 0, ""tool_calls_nonexistent"": 0, ""tool_calls_present"": 0, ""tool_calls_with_args"": 0, ""tools_transitions"": 0, ""used_model"": """", ""validation_turns"": 0}",,0,0.0,,
2026-05-16T01:56:06.370787+00:00,No,code-gemma-4-26b-a4b-it,easy,run_20260516015352,355.857,16.423,13.709,70.541,6.978,45.192,40.108,0.041,0,,,,,,,,,"{""agent_turns"": 0, ""duration_sec"": 0.0, ""end_time"": 1778896432.5321534, ""graph_loops"": 0, ""graph_recursion_errors"": 0, ""hint_used"": ""easy"", ""langsmith_thread_id"": """", ""mentioned_tool_but_not_called"": 0, ""missions_completed"": 0, ""no_tool_calls_made"": 0, ""pictures_taken"": 0, ""start_time"": 1778896432.5320454, ""tool_calls_invalid_json"": 0, ""tool_calls_missing_fields"": 0, ""tool_calls_nonexistent"": 0, ""tool_calls_present"": 0, ""tool_calls_with_args"": 0, ""tools_transitions"": 0, ""used_model"": """", ""validation_turns"": 0}",,0,0.0,,
2026-05-16T02:15:04.760974+00:00,No,gemma-4-26b-a4b-it,easy,,428.348,,,,,,,,,,,,,,,,,,,,,,
2026-05-16T02:23:40.167557+00:00,No,code-gemma-4-26b-a4b-it,easy,run_20260516022156,310.725,15.293,14.195,72.666,1.324,45.998,28.0,0.131,0,,,,,,,,,"{""agent_turns"": 0, ""duration_sec"": 0.027, ""end_time"": 1778898116.0745113, ""graph_loops"": 0, ""graph_recursion_errors"": 0, ""hint_used"": ""easy"", ""langsmith_thread_id"": """", ""mentioned_tool_but_not_called"": 0, ""missions_completed"": 0, ""no_tool_calls_made"": 0, ""pictures_taken"": 0, ""start_time"": 1778898116.0471961, ""tool_calls_invalid_json"": 0, ""tool_calls_missing_fields"": 0, ""tool_calls_nonexistent"": 0, ""tool_calls_present"": 0, ""tool_calls_with_args"": 0, ""tools_transitions"": 0, ""used_model"": """", ""validation_turns"": 0}",,0,0.0,,
2026-05-19T16:46:14.449610+00:00,No,gemini-2.5-pro,,run_20260519164328,423.322,28.037,24.357,80.859,12.124,53.575,29.016,111.29,6,48.16,1.614,,,,,,,"{""agent_turns"": 7, ""duration_sec"": 104.856, ""end_time"": 1779209119.401175, ""graph_loops"": 7, ""graph_recursion_errors"": 0, ""hint_used"": """", ""mentioned_tool_but_not_called"": 0, ""missions_completed"": 1, ""no_tool_calls_made"": 0, ""pictures_taken"": 6, ""start_time"": 1779209014.5449872, ""tool_calls_invalid_json"": 0, ""tool_calls_missing_fields"": 0, ""tool_calls_nonexistent"": 0, ""tool_calls_present"": 6, ""tool_calls_with_args"": 0, ""tools_transitions"": 6, ""validation_turns"": 7}",{},11122,0.03479938,,
2026-05-19T17:40:37.804584+00:00,No,gemini-2.5-pro,,,78.98,37.025,1.5,,,,,,,,,,,,,,,{},,,,,
2026-05-19T18:00:30.468827+00:00,No,gemini-2.5-pro,,,63.683,,,,,,,,,,,,,,,,,,,,,,
2026-05-19T18:14:08.607891+00:00,No,gemini-2.5-pro,,run_20260519181248,424.837,19.259,10.386,73.754,19.53,44.668,,,,27.837,1.464,24.865,6.114,50.222,23.752,78.145,6,{},"{""agent_turns"": 7, ""duration_sec"": 71.302, ""end_time"": 1779214446.7972882, ""graph_loops"": 7, ""graph_recursion_errors"": 0, ""hint_used"": """", ""mentioned_tool_but_not_called"": 0, ""missions_completed"": 1, ""no_tool_calls_made"": 0, ""pictures_taken"": 6, ""start_time"": 1779214375.4949043, ""tool_calls_invalid_json"": 0, ""tool_calls_missing_fields"": 0, ""tool_calls_nonexistent"": 0, ""tool_calls_present"": 6, ""tool_calls_with_args"": 0, ""tools_transitions"": 6, ""validation_turns"": 7}",,,17774,0.041
2026-05-20T00:23:45.479374+00:00,No,gemini-2.5-pro,,,64.807,,,,,,,,,,,,,,,,,,,,,,
2026-05-20T00:26:43.687584+00:00,No,gemini-2.5-pro,,,119.22,,,,,,,,,,,,,,,,,,,,,,
2026-05-20T00:29:51.599829+00:00,No,gemini-2.5-pro,,,31.385,,,,,,,,,,,,,,,,,,,,,,
2026-05-20T00:46:32.551723+00:00,No,gemini-2.5-pro,,,392.671,16.427,8.949,71.564,5.334,40.88,,,,,,,,,,,,{},,,,,
2026-05-20T00:57:14.868493+00:00,No,gemini-2.5-pro,,,286.063,,,,,,,,,,,,,,,,,,,,,,
2026-05-20T01:24:33.365154+00:00,No,gemini-2.5-pro,,,247.611,,,,,,,,,,,,,,,,,,,,,,
2026-05-20T02:17:57.654371+00:00,No,gemini-2.5-pro,,,262.565,,,,,,,,,,,,,,,,,,,,,,
2026-05-20T02:23:06.754697+00:00,No,gemini-2.5-pro,,,208.994,,,,,,,,,,,,,,,,,,,,,,
2026-05-20T02:34:37.972307+00:00,No,gemini-2.5-pro,,,237.598,,,,,,,,,,,,,,,,,,,,,,
2026-05-20T02:50:37.576621+00:00,No,gemini-2.5-pro,,,188.382,,,,,,,,,,,,,,,,,,,,,,
2026-05-20T02:56:27.026112+00:00,No,gemini-2.5-pro,,,24.429,,,,,,,,,,,,,,,,,,,,,,
2026-05-20T02:58:25.652870+00:00,No,gemini-2.5-pro,,,52.827,,,,,,,,,,,,,,,,,,,,,,
2026-05-20T03:02:22.949595+00:00,No,gemini-2.5-pro,,,102.815,,,,,,,,,,,,,,,,,,,,,,
2026-05-20T03:03:39.824834+00:00,No,gemini-2.5-pro,,,32.02,,,,,,,,,,,,,,,,,,,,,,
2026-05-20T03:05:28.865470+00:00,No,gemini-2.5-pro,,,53.539,,,,,,,,,,,,,,,,,,,,,,
2026-05-20T03:06:32.337264+00:00,No,gemini-2.5-pro,,,21.542,,,,,,,,,,,,,,,,,,,,,,
2026-05-20T03:07:42.745671+00:00,No,gemini-2.5-pro,,,20.971,,,,,,,,,,,,,,,,,,,,,,
2026-05-20T03:12:37.962515+00:00,No,gemini-2.5-pro,,,186.079,15.924,9.441,66.478,38.283,41.939,,,,,,,,,,,,{},,,,,
2026-05-20T03:17:32.615826+00:00,No,gemini-2.5-pro,,,196.839,,,,,,,,,,,,,,,,,,,,,,
2026-05-20T03:26:38.421294+00:00,No,gemini-2.5-pro,,,231.03,,,,,,,,,,,,,,,,,,,,,,
2026-05-20T03:32:31.079691+00:00,No,gemini-2.5-pro,,,157.67,15.546,9.424,71.542,6.632,40.514,,,,,,,,,,,,{},,,,,
2026-05-21T00:16:45.572869+00:00,Yes,greedy,,,352.362,14.853,18.616,72.253,5.67,40.437,,,,30.659,82.37,49.697,6.861,2.92,,,,{},{},,,,
2026-05-21T00:22:08.773596+00:00,No,code-gemini-2.5-pro,easy,,286.321,18.132,19.442,71.197,10.508,42.226,,,,,,,,,,,,{},,,,,
2026-05-21T00:32:44.419436+00:00,Yes,greedy,,,490.81,19.461,10.117,71.414,11.451,40.406,,,,,,,,,,,,{},,,,,
2026-05-21T00:35:16.901862+00:00,Yes,greedy,,,55.952,,,,,,,,,,,,,,,,,,,,,,
2026-05-21T00:39:57.155172+00:00,Yes,greedy,,,234.612,17.53,9.798,71.046,10.165,40.652,,,,,,,,,,,,{},,,,,
2026-05-21T01:04:07.613253+00:00,Yes,greedy,,,447.495,23.487,18.349,68.321,15.193,42.032,,,,79.197,130.587,49.308,,,,,,{},{},,,,
2026-05-21T01:14:52.403865+00:00,No,code-gemini-2.5-pro,easy,,599.032,25.5,27.873,71.636,6.13,40.475,,,,176.1,180.69,49.609,,,,,,{},{},,,,
2026-05-21T01:22:08.428703+00:00,No,gemini-2.5-flash-lite,easy,,390.819,22.022,9.835,70.9,6.941,42.267,,,,55.178,113.073,49.586,,,,,,{},{},,,,
2026-05-21T01:47:37.875576+00:00,No,gemini-2.5-pro,easy,,461.664,25.215,9.929,78.178,29.975,43.745,,,,46.451,156.832,50.32,,,,,,{},{},,,,
2026-05-21T03:59:25.838830+00:00,No,gemini-2.5-pro,,,89.746,,,,,,,,,,,,,,,,,,,,,,
2026-05-21T04:09:08.305604+00:00,No,gemini-2.5-pro,,,444.641,69.583,15.483,72.402,14.129,44.767,,,,103.74,19.063,73.245,1.34,2.864,,,,{},{},,,,
2026-05-21T04:13:47.461320+00:00,No,gemini-2.5-pro,,,175.259,,,,,,,,,,,,,,,,,,,,,,
2026-05-21T04:26:53.529566+00:00,No,gemini-2.5-pro,,run_20260521042040;run_20260521042321,592.007,20.684,9.513,71.907,6.122,53.289,126.183,84.805,6,183.426,,,,,,,,"{""missions_completed"": 1, ""pictures_taken"": 6, ""segments"": [{""agent_metrics"": {""agent_turns"": 5, ""duration_sec"": 55.241, ""end_time"": 1779337298.106589, ""graph_loops"": 5, ""graph_recursion_errors"": 0, ""hint_used"": """", ""mentioned_tool_but_not_called"": 0, ""missions_completed"": 1, ""no_tool_calls_made"": 0, ""pictures_taken"": 4, ""start_time"": 1779337242.865668, ""tool_calls_invalid_json"": 0, ""tool_calls_missing_fields"": 0, ""tool_calls_nonexistent"": 0, ""tool_calls_present"": 4, ""tool_calls_with_args"": 0, ""tools_transitions"": 4, ""validation_turns"": 5}, ""capture_folder"": ""run_20260521042040"", ""distance"": 1.1806535720825195, ""langsmith_usage"": {""completion_cost"": 0.02125, ""completion_tokens"": 2125, ""error"": """", ""llm_runs"": 4, ""prompt_cost"": 0.006145, ""prompt_tokens"": 6293, ""total_cost"": 0.027395, ""total_tokens"": 8418}, ""llm_used"": ""gemini-2.5-pro"", ""pictures_taken"": 4, ""target_area"": {""x_max"": 0, ""x_min"": -1, ""y_max"": 1, ""y_min"": 0}, ""x_values"": [-1, 0]}, {""agent_metrics"": {""agent_turns"": 3, ""duration_sec"": 27.34, ""end_time"": 1779337428.740183, ""graph_loops"": 3, ""graph_recursion_errors"": 0, ""hint_used"": """", ""mentioned_tool_but_not_called"": 0, ""missions_completed"": 1, ""no_tool_calls_made"": 0, ""pictures_taken"": 2, ""start_time"": 1779337401.4000902, ""tool_calls_invalid_json"": 0, ""tool_calls_missing_fields"": 0, ""tool_calls_nonexistent"": 0, ""tool_calls_present"": 2, ""tool_calls_with_args"": 0, ""tools_transitions"": 2, ""validation_turns"": 3}, ""capture_folder"": ""run_20260521042321"", ""distance"": 0.7046156823635101, ""langsmith_usage"": {""completion_cost"": 0.00838, ""completion_tokens"": 838, ""error"": """", ""llm_runs"": 3, ""prompt_cost"": 0.00300625, ""prompt_tokens"": 2405, ""total_cost"": 0.01138625, ""total_tokens"": 3243}, ""llm_used"": ""gemini-2.5-pro"", ""pictures_taken"": 2, ""target_area"": {""x_max"": 1, ""x_min"": 1, ""y_max"": 1, ""y_min"": 0}, ""x_values"": [1]}]}",{},11661,0.03878125,,
2026-05-21T04:42:51.929188+00:00,Yes,greedy,,run_20260521043159;run_20260521043525;run_20260521044106,880.944,22.417,9.679,75.195,15.711,53.496,135.229,43.864,6,60.123,9.682,76.468,11.152,57.5,23.484,43.447,6,"{""missions_completed"": 1, ""pictures_taken"": 6, ""segments"": [{""agent_metrics"": {""agent_turns"": 0, ""duration_sec"": 27.838, ""end_time"": 1779337947.1627557, ""graph_loops"": 0, ""graph_recursion_errors"": 0, ""mentioned_tool_but_not_called"": 0, ""missions_completed"": 1, ""no_tool_calls_made"": 0, ""pictures_taken"": 4, ""start_time"": 1779337919.3244984, ""tool_calls_invalid_json"": 0, ""tool_calls_missing_fields"": 0, ""tool_calls_nonexistent"": 0, ""tool_calls_present"": 0, ""tool_calls_with_args"": 0, ""tools_transitions"": 4, ""validation_turns"": 0}, ""capture_folder"": ""run_20260521043159"", ""distance"": 1.170974314212799, ""langsmith_usage"": {""completion_cost"": 0.0, ""completion_tokens"": 0, ""error"": ""No LangSmith LLM runs found for phase 7 window"", ""llm_runs"": 0, ""prompt_cost"": 0.0, ""prompt_tokens"": 0, ""total_cost"": 0.0, ""total_tokens"": 0}, ""llm_used"": ""greedy"", ""pictures_taken"": 4, ""target_area"": {""x_max"": 0, ""x_min"": -1, ""y_max"": 1, ""y_min"": 0}, ""x_values"": [-1, 0]}, {""agent_metrics"": {""agent_turns"": 0, ""duration_sec"": 15.907, ""end_time"": 1779338141.8809328, ""graph_loops"": 0, ""graph_recursion_errors"": 0, ""mentioned_tool_but_not_called"": 0, ""missions_completed"": 1, ""no_tool_calls_made"": 0, ""pictures_taken"": 2, ""start_time"": 1779338125.9740818, ""tool_calls_invalid_json"": 0, ""tool_calls_missing_fields"": 0, ""tool_calls_nonexistent"": 0, ""tool_calls_present"": 0, ""tool_calls_with_args"": 0, ""tools_transitions"": 2, ""validation_turns"": 0}, ""capture_folder"": ""run_20260521043525"", ""distance"": 0.6755427122116089, ""langsmith_usage"": {""completion_cost"": 0.0, ""completion_tokens"": 0, ""error"": ""No LangSmith LLM runs found for phase 7 window"", ""llm_runs"": 0, ""prompt_cost"": 0.0, ""prompt_tokens"": 0, ""total_cost"": 0.0, ""total_tokens"": 0}, ""llm_used"": ""greedy"", ""pictures_taken"": 2, ""target_area"": {""x_max"": 1, ""x_min"": 1, ""y_max"": 1, ""y_min"": 0}, ""x_values"": [1]}]}","{""missions_completed"": 1, ""pictures_taken"": 6, ""segments"": [{""agent_metrics"": {""agent_turns"": 0, ""duration_sec"": 43.4, ""end_time"": 1779338509.9336414, ""graph_loops"": 0, ""graph_recursion_errors"": 0, ""mentioned_tool_but_not_called"": 0, ""missions_completed"": 1, ""no_tool_calls_made"": 0, ""pictures_taken"": 6, ""start_time"": 1779338466.533942, ""tool_calls_invalid_json"": 0, ""tool_calls_missing_fields"": 0, ""tool_calls_nonexistent"": 0, ""tool_calls_present"": 0, ""tool_calls_with_args"": 0, ""tools_transitions"": 6, ""validation_turns"": 0}, ""capture_folder"": ""run_20260521044106"", ""distance"": 2.1540411710739136, ""langsmith_usage"": {""completion_cost"": 0.0, ""completion_tokens"": 0, ""error"": ""No LangSmith LLM runs found for phase 7 window"", ""llm_runs"": 0, ""prompt_cost"": 0.0, ""prompt_tokens"": 0, ""total_cost"": 0.0, ""total_tokens"": 0}, ""llm_used"": ""greedy"", ""pictures_taken"": 6, ""target_area"": {""x_max"": 1, ""x_min"": -1, ""y_max"": 1, ""y_min"": 0}, ""x_values"": [-1, 0, 1]}]}",0,0.0,0,0.0
2026-05-21T04:49:58.136718+00:00,No,code-gemini-2.5-pro,easy,,389.244,32.114,18.116,74.347,10.506,46.639,,,,193.509,,,,,,,,{},{},,,,
2026-05-21T05:23:05.237227+00:00,No,gemini-2.5-pro,easy,,550.709,20.668,9.288,73.826,18.699,45.911,,,,99.667,15.297,71.423,6.289,52.267,,,,{},{},,,,
2026-05-21T05:54:18.024109+00:00,No,code-gemini-2.5-pro,easy,run_20260521054452;run_20260521054717;run_20260521055313,788.801,35.441,13.29,74.606,1.382,53.512,88.614,149.132,6,122.305,11.275,27.611,5.428,57.408,23.689,59.794,0,"{""missions_completed"": 1, ""pictures_taken"": 6, ""segments"": [{""agent_metrics"": {""agent_turns"": 1, ""duration_sec"": 66.81, ""end_time"": 1779342359.1397245, ""graph_loops"": 0, ""graph_recursion_errors"": 0, ""hint_used"": ""easy"", ""langsmith_thread_id"": ""code_agent_gemini-2.5-pro_20260521_054453_711757"", ""mentioned_tool_but_not_called"": 0, ""missions_completed"": 1, ""no_tool_calls_made"": 0, ""pictures_taken"": 4, ""start_time"": 1779342292.329548, ""tool_calls_invalid_json"": 0, ""tool_calls_missing_fields"": 0, ""tool_calls_nonexistent"": 0, ""tool_calls_present"": 0, ""tool_calls_with_args"": 0, ""tools_transitions"": 4, ""used_model"": ""gemini-2.5-pro"", ""validation_turns"": 0}, ""capture_folder"": ""run_20260521054452"", ""distance"": 1.2044393420219421, ""langsmith_usage"": {""completion_cost"": 0.04958, ""completion_tokens"": 4958, ""error"": """", ""llm_runs"": 1, ""prompt_cost"": 0.00063375, ""prompt_tokens"": 507, ""total_cost"": 0.05021375, ""total_tokens"": 5465}, ""llm_used"": ""code-gemini-2.5-pro"", ""pictures_taken"": 4, ""target_area"": {""x_max"": 0, ""x_min"": -1, ""y_max"": 1, ""y_min"": 0}, ""x_values"": [-1, 0]}, {""agent_metrics"": {""agent_turns"": 1, ""duration_sec"": 82.158, ""end_time"": 1779342519.6825848, ""graph_loops"": 0, ""graph_recursion_errors"": 0, ""hint_used"": ""easy"", ""langsmith_thread_id"": ""code_agent_gemini-2.5-pro_20260521_054717_652339"", ""mentioned_tool_but_not_called"": 0, ""missions_completed"": 1, ""no_tool_calls_made"": 0, ""pictures_taken"": 2, ""start_time"": 1779342437.5248864, ""tool_calls_invalid_json"": 0, ""tool_calls_missing_fields"": 0, ""tool_calls_nonexistent"": 0, ""tool_calls_present"": 0, ""tool_calls_with_args"": 0, ""tools_transitions"": 2, ""used_model"": ""gemini-2.5-pro"", ""validation_turns"": 0}, ""capture_folder"": ""run_20260521054717"", ""distance"": 0.726479560136795, ""langsmith_usage"": {""completion_cost"": 0.0907, ""completion_tokens"": 9070, ""error"": """", ""llm_runs"": 1, ""prompt_cost"": 0.00069375, ""prompt_tokens"": 555, ""total_cost"": 0.09139375, ""total_tokens"": 9625}, ""llm_used"": ""code-gemini-2.5-pro"", ""pictures_taken"": 2, ""target_area"": {""x_max"": 1, ""x_min"": 1, ""y_max"": 1, ""y_min"": 0}, ""x_values"": [1]}]}","{""missions_completed"": 0, ""pictures_taken"": 0, ""segments"": [{""agent_metrics"": {""agent_turns"": 1, ""duration_sec"": 59.718, ""end_time"": 1779342852.7254329, ""graph_loops"": 0, ""graph_recursion_errors"": 0, ""hint_used"": ""easy"", ""langsmith_thread_id"": ""code_agent_gemini-2.5-pro_20260521_055313_100288"", ""mentioned_tool_but_not_called"": 0, ""missions_completed"": 0, ""no_tool_calls_made"": 0, ""pictures_taken"": 0, ""start_time"": 1779342793.0069497, ""tool_calls_invalid_json"": 0, ""tool_calls_missing_fields"": 0, ""tool_calls_nonexistent"": 0, ""tool_calls_present"": 0, ""tool_calls_with_args"": 0, ""tools_transitions"": 0, ""used_model"": """", ""validation_turns"": 0}, ""capture_folder"": ""run_20260521055313"", ""distance"": 2.1450833082199097, ""langsmith_usage"": {""completion_cost"": 0.08073, ""completion_tokens"": 8073, ""error"": """", ""llm_runs"": 1, ""prompt_cost"": 0.00063375, ""prompt_tokens"": 507, ""total_cost"": 0.08136375, ""total_tokens"": 8580}, ""llm_used"": ""code-gemini-2.5-pro"", ""pictures_taken"": 0, ""target_area"": {""x_max"": 1, ""x_min"": -1, ""y_max"": 1, ""y_min"": 0}, ""x_values"": [-1, 0, 1]}]}",15090,0.1416075,8580,0.08136375
2026-05-21T06:07:45.263912+00:00,No,gemini-2.5-pro,easy,run_20260521055908;run_20260521060108;run_20260521060621,768.126,27.25,34.23,76.396,10.572,53.462,86.661,78.639,6,62.042,29.856,75.422,6.827,57.442,24.818,82.446,6,"{""missions_completed"": 1, ""pictures_taken"": 6, ""segments"": [{""agent_metrics"": {""agent_turns"": 5, ""duration_sec"": 46.362, ""end_time"": 1779343196.044043, ""graph_loops"": 5, ""graph_recursion_errors"": 0, ""hint_used"": ""easy"", ""mentioned_tool_but_not_called"": 0, ""missions_completed"": 1, ""no_tool_calls_made"": 0, ""pictures_taken"": 4, ""start_time"": 1779343149.6817548, ""tool_calls_invalid_json"": 0, ""tool_calls_missing_fields"": 0, ""tool_calls_nonexistent"": 0, ""tool_calls_present"": 4, ""tool_calls_with_args"": 0, ""tools_transitions"": 4, ""validation_turns"": 5}, ""capture_folder"": ""run_20260521055908"", ""distance"": 1.1803830862045288, ""langsmith_usage"": {""completion_cost"": 0.01527, ""completion_tokens"": 1527, ""error"": """", ""llm_runs"": 4, ""prompt_cost"": 0.008325, ""prompt_tokens"": 6660, ""total_cost"": 0.023595, ""total_tokens"": 8187}, ""llm_used"": ""gemini-2.5-pro"", ""pictures_taken"": 4, ""target_area"": {""x_max"": 0, ""x_min"": -1, ""y_max"": 1, ""y_min"": 0}, ""x_values"": [-1, 0]}, {""agent_metrics"": {""agent_turns"": 3, ""duration_sec"": 30.447, ""end_time"": 1779343299.2419994, ""graph_loops"": 3, ""graph_recursion_errors"": 0, ""hint_used"": ""easy"", ""mentioned_tool_but_not_called"": 0, ""missions_completed"": 1, ""no_tool_calls_made"": 0, ""pictures_taken"": 2, ""start_time"": 1779343268.7945967, ""tool_calls_invalid_json"": 0, ""tool_calls_missing_fields"": 0, ""tool_calls_nonexistent"": 0, ""tool_calls_present"": 2, ""tool_calls_with_args"": 0, ""tools_transitions"": 2, ""validation_turns"": 3}, ""capture_folder"": ""run_20260521060108"", ""distance"": 0.7016895413398743, ""langsmith_usage"": {""completion_cost"": 0.01095, ""completion_tokens"": 1095, ""error"": """", ""llm_runs"": 2, ""prompt_cost"": 0.003685, ""prompt_tokens"": 2948, ""total_cost"": 0.014635, ""total_tokens"": 4043}, ""llm_used"": ""gemini-2.5-pro"", ""pictures_taken"": 2, ""target_area"": {""x_max"": 1, ""x_min"": 1, ""y_max"": 1, ""y_min"": 0}, ""x_values"": [1]}]}","{""missions_completed"": 1, ""pictures_taken"": 6, ""segments"": [{""agent_metrics"": {""agent_turns"": 7, ""duration_sec"": 82.272, ""end_time"": 1779343663.7983224, ""graph_loops"": 7, ""graph_recursion_errors"": 0, ""hint_used"": ""easy"", ""mentioned_tool_but_not_called"": 0, ""missions_completed"": 1, ""no_tool_calls_made"": 0, ""pictures_taken"": 6, ""start_time"": 1779343581.5265338, ""tool_calls_invalid_json"": 0, ""tool_calls_missing_fields"": 0, ""tool_calls_nonexistent"": 0, ""tool_calls_present"": 6, ""tool_calls_with_args"": 0, ""tools_transitions"": 6, ""validation_turns"": 7}, ""capture_folder"": ""run_20260521060621"", ""distance"": 2.1352949142456055, ""langsmith_usage"": {""completion_cost"": 0.03707, ""completion_tokens"": 3707, ""error"": """", ""llm_runs"": 7, ""prompt_cost"": 0.0112625, ""prompt_tokens"": 10396, ""total_cost"": 0.0483325, ""total_tokens"": 14103}, ""llm_used"": ""gemini-2.5-pro"", ""pictures_taken"": 6, ""target_area"": {""x_max"": 1, ""x_min"": -1, ""y_max"": 1, ""y_min"": 0}, ""x_values"": [-1, 0, 1]}]}",12230,0.03823,14103,0.0483325
2026-05-21T11:49:40.105830+00:00,No,gemini-2.5-flash-lite,easy,,16.84,,,,,,,,,,,,,,,,,,,,,,
